{
    "1.0": {
        "2.35": [
            618357.75
        ],
        "5.5": [
            43578.890625
        ],
        "9.62": [
            32815.5234375
        ],
        "22.7": [
            22964.3984375
        ]
    },
    "0.9": {
        "2.35": [
            543234.0
        ],
        "5.5": [
            40445.0546875
        ],
        "9.62": [
            38603.9765625
        ],
        "22.7": [
            21444.72265625
        ]
    },
    "0.75": {
        "2.35": [
            540088.75
        ],
        "5.5": [
            37471.20703125
        ],
        "9.62": [
            40213.86328125
        ],
        "22.7": [
            21980.58984375
        ]
    },
    "0.5": {
        "2.35": [
            581554.75
        ],
        "5.5": [
            33877.96484375
        ],
        "9.62": [
            39842.72265625
        ],
        "22.7": [
            23342.21484375
        ]
    },
    "0.25": {
        "2.35": [
            646839.25
        ],
        "5.5": [
            31458.533203125
        ],
        "9.62": [
            37952.88671875
        ],
        "22.7": [
            24408.3671875
        ]
    },
    "0.1": {
        "2.35": [
            691328.5625
        ],
        "5.5": [
            30461.1953125
        ],
        "9.62": [
            36511.6953125
        ],
        "22.7": [
            24773.529296875
        ]
    },
    "0": {
        "2.35": [
            722041.0625
        ],
        "5.5": [
            29961.4296875
        ],
        "9.62": [
            35506.41015625
        ],
        "22.7": [
            24882.55078125
        ]
    }
}