{
    "0": {
        "2.35": [
            0.45122564106947116,
            0.46216695728403323,
            0.49191668221427265,
            0.4600027646281321,
            0.481518800894865,
            0.460951187965412,
            0.46284436198143014,
            0.48060385010250306,
            0.49572928007459793,
            0.48099465832579924
        ],
        "5.5": [
            0.3283841149758965,
            0.3228152939586338,
            0.32826385458110013,
            0.32746930995248547,
            0.33013716538461885,
            0.3129958216380817,
            0.3362732248900943,
            0.31951021358765597,
            0.307884662591658,
            0.3388250157122005
        ],
        "9.62": [
            0.5149320552311989,
            0.4866913952721306,
            0.5281871338219633,
            0.5077215918569915,
            0.5015927674227989,
            0.5263822833418721,
            0.4823400197080867,
            0.5118315065144832,
            0.49601961100430375,
            0.5403338841866647
        ],
        "22.7": [
            0.4851543205918536,
            0.4848731888460033,
            0.48416867938686753,
            0.4848293117857716,
            0.4990488323601629,
            0.47151236995178664,
            0.4954448869917745,
            0.5139594841132119,
            0.50973200905128,
            0.5264177898808416
        ],
        "100": [
            0.47861818501447473,
            0.4869915952030122,
            0.47695466394165,
            0.46465908762476477,
            0.4733063569941409,
            0.5451601836266461,
            0.4410425840375226,
            0.46572064381997635,
            0.47117558756506667,
            0.4984213509043986
        ],
        "1000": [
            0.7258550607577356,
            0.769579356248566,
            0.7525501874350715,
            0.7933040349421607,
            0.7358137015485928,
            0.7715821823447945,
            0.7678262279545814,
            0.789499648547831,
            0.7744571121104201,
            0.7810256011469774
        ]
    },
    "0.1": {
        "2.35": [
            0.44843015377948275,
            0.4620119650768838,
            0.4926913265954022,
            0.4559277149127342,
            0.4804936364101823,
            0.4613970382535728,
            0.458128817310031,
            0.48298960152366416,
            0.49369807955731354,
            0.479130392483613
        ],
        "5.5": [
            0.3307888927954574,
            0.3250194573061425,
            0.33190721332690026,
            0.3248256925422634,
            0.32957439541149197,
            0.3124853190819693,
            0.3351493358537844,
            0.32149673331392464,
            0.3073732708800765,
            0.3387251600468653
        ],
        "9.62": [
            0.513585371861436,
            0.4877531310315385,
            0.5296539389291779,
            0.5097500142012128,
            0.5012293966450738,
            0.5236931972782558,
            0.4812666210618143,
            0.5074315129248723,
            0.49476087780650263,
            0.5367394263182249
        ],
        "22.7": [
            0.482729814131815,
            0.4851007547182583,
            0.48695210474911066,
            0.4839413157105416,
            0.4971566909117015,
            0.4758413987761162,
            0.4948974464888183,
            0.5162344210551372,
            0.5106753142957883,
            0.5243027100229541
        ],
        "100": [
            0.47807413596703546,
            0.4942269099746123,
            0.47581882681524806,
            0.4673637026477963,
            0.47608705057974043,
            0.5429758861025273,
            0.44172055734278387,
            0.46944446828579217,
            0.47430921288093286,
            0.5022336378646373
        ],
        "1000": [
            0.7240508407263252,
            0.7697686710115749,
            0.7474473870175719,
            0.7873758643256555,
            0.7337357033976036,
            0.7714147542638493,
            0.7722247398399759,
            0.782088597432355,
            0.7641877778203988,
            0.7816751644746361
        ]
    },
    "0.25": {
        "2.35": [
            0.44404710751607895,
            0.46177637107343084,
            0.4938442984964968,
            0.44980682345551404,
            0.4790535964471775,
            0.4620065616114817,
            0.4510411885277719,
            0.48646615896673956,
            0.4906967262717506,
            0.47638913557448076
        ],
        "5.5": [
            0.33442848968016475,
            0.3284369213505089,
            0.337633497553106,
            0.32091298143368874,
            0.3287319508928927,
            0.3116484489774188,
            0.33344991216220604,
            0.3246731362666489,
            0.3067046060397724,
            0.3389178992444353
        ],
        "9.62": [
            0.51171980813687,
            0.48960948835389323,
            0.53193152611787,
            0.5129793751672364,
            0.5011808528577676,
            0.5197273362091671,
            0.47988672149715444,
            0.5009801377209497,
            0.49297521363151364,
            0.531087549972711
        ],
        "22.7": [
            0.47928308591319957,
            0.4858127935462512,
            0.4910985432675496,
            0.48270271112955526,
            0.49428882412914327,
            0.48271963761619946,
            0.4940741711779809,
            0.5198832305437054,
            0.5123973094050213,
            0.5213168340908976
        ],
        "100": [
            0.47783378562084056,
            0.5060211484674809,
            0.4744096363009417,
            0.4721000953433422,
            0.4807727027368339,
            0.540395714502912,
            0.4439698836924266,
            0.4754656482853243,
            0.47933341858174844,
            0.5083484751522619
        ],
        "1000": [
            0.7217662677354982,
            0.7695000852663388,
            0.7400833896559444,
            0.7783675878483177,
            0.7310152145161853,
            0.7711473154671592,
            0.7790730405207107,
            0.770779767756466,
            0.7486769109226722,
            0.7825310847083037
        ]
    },
    "0.5": {
        "2.35": [
            0.4362660738164129,
            0.46128039304207513,
            0.49583396930420803,
            0.4397604594631253,
            0.47690328826100475,
            0.4627668903813171,
            0.43926653400711035,
            0.4918718380276589,
            0.4857722385066896,
            0.4720353510659809
        ],
        "5.5": [
            0.34063401178061037,
            0.33446404138855507,
            0.3479979421358058,
            0.3144743570480223,
            0.3274261872330895,
            0.3099836608472326,
            0.3306163249850029,
            0.3307012970062467,
            0.3058953778055959,
            0.3403453758036885
        ],
        "9.62": [
            0.5089747762575982,
            0.49335443495972664,
            0.5358381010300377,
            0.5188397235547645,
            0.5025675867230193,
            0.5133189672090689,
            0.4780534520603284,
            0.49068327698280184,
            0.49024836975838426,
            0.5209331533033572
        ],
        "22.7": [
            0.4741463600765679,
            0.488074159925079,
            0.49797162441329235,
            0.4810718536614866,
            0.48970878741008106,
            0.49546813604275686,
            0.4926785411942721,
            0.5266416825547188,
            0.5161310789044672,
            0.5168531916852628
        ],